{"cameraMode":{"drawMode":0,"name":"Shaded","section":"Shading Mode"},"sceneLighting":true,"audioPlay":false,"sceneViewState":{"m_AlwaysRefresh":false,"showFog":true,"showSkybox":false,"showFlares":true,"showImageEffects":true,"showParticleSystems":true,"showVisualEffectGraphs":true,"m_FxEnabled":true},"in2DMode":false,"pivot":{"x":5.960464477539063e-8,"y":0.3418589234352112,"z":-1.7881393432617188e-7},"rotation":{"x":0.37738773226737978,"y":0.020258093252778055,"z":-0.010567143559455872,"w":0.9261304140090942},"size":0.5038120150566101,"orthographic":false}