{"cameraMode":{"drawMode":0,"name":"Shaded","section":"Shading Mode"},"sceneLighting":false,"audioPlay":false,"sceneViewState":{"m_AlwaysRefresh":false,"showFog":true,"showSkybox":false,"showFlares":true,"showImageEffects":true,"showParticleSystems":true,"showVisualEffectGraphs":true,"m_FxEnabled":true},"in2DMode":false,"pivot":{"x":3.9996895790100099,"y":0.22894620895385743,"z":4.959692478179932},"rotation":{"x":-0.3480827212333679,"y":-0.013346199877560139,"z":0.005780693609267473,"w":-0.9375724196434021},"size":0.40734338760375979,"orthographic":false}